{
  "season": "2025-2026",
  "regular_season_games": [
    { "date": "2025-10-21", "home": "Los Angeles Lakers", "away": "Golden State Warriors" },
    { "date": "2025-10-21", "home": "Oklahoma City Thunder", "away": "Houston Rockets" },

    { "date": "2025-10-22", "home": "Atlanta Hawks", "away": "Toronto Raptors" },
    { "date": "2025-10-22", "home": "New York Knicks", "away": "Cleveland Cavaliers" },
    { "date": "2025-10-22", "home": "Boston Celtics", "away": "Philadelphia 76ers" },
    { "date": "2025-10-22", "home": "Orlando Magic", "away": "Miami Heat" },
    { "date": "2025-10-22", "home": "Dallas Mavericks", "away": "San Antonio Spurs" },
    { "date": "2025-10-22", "home": "Chicago Bulls", "away": "Detroit Pistons" },
    { "date": "2025-10-22", "home": "Utah Jazz", "away": "LA Clippers" },
    { "date": "2025-10-22", "home": "Portland Trail Blazers", "away": "Minnesota Timberwolves" },
    { "date": "2025-10-22", "home": "Milwaukee Bucks", "away": "Washington Wizards" },
    { "date": "2025-10-22", "home": "Charlotte Hornets", "away": "Brooklyn Nets" },
    { "date": "2025-10-22", "home": "Phoenix Suns", "away": "Sacramento Kings" },
    { "date": "2025-10-22", "home": "Memphis Grizzlies", "away": "New Orleans Pelicans" },

    { "date": "2025-10-23", "home": "Golden State Warriors", "away": "Denver Nuggets" },
    { "date": "2025-10-23", "home": "Indiana Pacers", "away": "Oklahoma City Thunder" },

    { "date": "2025-10-24", "home": "New York Knicks", "away": "Boston Celtics" },
    { "date": "2025-10-24", "home": "Brooklyn Nets", "away": "Cleveland Cavaliers" },
    { "date": "2025-10-24", "home": "Los Angeles Lakers", "away": "Minnesota Timberwolves" },
    { "date": "2025-10-24", "home": "LA Clippers", "away": "Phoenix Suns" },
    { "date": "2025-10-24", "home": "Orlando Magic", "away": "Atlanta Hawks" },
    { "date": "2025-10-24", "home": "Houston Rockets", "away": "Detroit Pistons" },
    { "date": "2025-10-24", "home": "Dallas Mavericks", "away": "Washington Wizards" },
    { "date": "2025-10-24", "home": "Toronto Raptors", "away": "Milwaukee Bucks" },
    { "date": "2025-10-24", "home": "Sacramento Kings", "away": "Utah Jazz" },
    { "date": "2025-10-24", "home": "Portland Trail Blazers", "away": "Golden State Warriors" },
    { "date": "2025-10-24", "home": "New Orleans Pelicans", "away": "San Antonio Spurs" },
    { "date": "2025-10-24", "home": "Memphis Grizzlies", "away": "Miami Heat" },

    { "date": "2025-10-25", "home": "Atlanta Hawks", "away": "Oklahoma City Thunder" },
    { "date": "2025-10-25", "home": "Orlando Magic", "away": "Chicago Bulls" },
    { "date": "2025-10-25", "home": "Denver Nuggets", "away": "Phoenix Suns" },
    { "date": "2025-10-25", "home": "Philadelphia 76ers", "away": "Charlotte Hornets" },
    { "date": "2025-10-25", "home": "Memphis Grizzlies", "away": "Indiana Pacers" },

    { "date": "2025-10-26", "home": "LA Clippers", "away": "Portland Trail Blazers" },
    { "date": "2025-10-26", "home": "Miami Heat", "away": "New York Knicks" },
    { "date": "2025-10-26", "home": "San Antonio Spurs", "away": "Brooklyn Nets" },
    { "date": "2025-10-26", "home": "Dallas Mavericks", "away": "Toronto Raptors" },
    { "date": "2025-10-26", "home": "Washington Wizards", "away": "Charlotte Hornets" },
    { "date": "2025-10-26", "home": "Sacramento Kings", "away": "Los Angeles Lakers" },
    { "date": "2025-10-26", "home": "Cleveland Cavaliers", "away": "Milwaukee Bucks" },
    { "date": "2025-10-26", "home": "Minnesota Timberwolves", "away": "Indiana Pacers" },
    { "date": "2025-10-26", "home": "Detroit Pistons", "away": "Boston Celtics" },

    { "date": "2025-10-27", "home": "Los Angeles Lakers", "away": "Portland Trail Blazers" },
    { "date": "2025-10-27", "home": "San Antonio Spurs", "away": "Toronto Raptors" },
    { "date": "2025-10-27", "home": "Houston Rockets", "away": "Brooklyn Nets" },
    { "date": "2025-10-27", "home": "Dallas Mavericks", "away": "Oklahoma City Thunder" },
    { "date": "2025-10-27", "home": "Golden State Warriors", "away": "Memphis Grizzlies" },
    { "date": "2025-10-27", "home": "Chicago Bulls", "away": "Atlanta Hawks" },
    { "date": "2025-10-27", "home": "Philadelphia 76ers", "away": "Orlando Magic" },
    { "date": "2025-10-27", "home": "Utah Jazz", "away": "Phoenix Suns" },
    { "date": "2025-10-27", "home": "Minnesota Timberwolves", "away": "Denver Nuggets" },
    { "date": "2025-10-27", "home": "New Orleans Pelicans", "away": "Boston Celtics" },
    { "date": "2025-10-27", "home": "Detroit Pistons", "away": "Cleveland Cavaliers" },

    { "date": "2025-10-28", "home": "Miami Heat", "away": "Charlotte Hornets" },
    { "date": "2025-10-28", "home": "Golden State Warriors", "away": "LA Clippers" },
    { "date": "2025-10-28", "home": "Washington Wizards", "away": "Philadelphia 76ers" },
    { "date": "2025-10-28", "home": "Milwaukee Bucks", "away": "New York Knicks" },
    { "date": "2025-10-28", "home": "Oklahoma City Thunder", "away": "Sacramento Kings" },

    { "date": "2025-10-29", "home": "Brooklyn Nets", "away": "Atlanta Hawks" },
    { "date": "2025-10-29", "home": "Boston Celtics", "away": "Cleveland Cavaliers" },
    { "date": "2025-10-29", "home": "Dallas Mavericks", "away": "Indiana Pacers" },
    { "date": "2025-10-29", "home": "Chicago Bulls", "away": "Sacramento Kings" },
    { "date": "2025-10-29", "home": "Toronto Raptors", "away": "Houston Rockets" },
    { "date": "2025-10-29", "home": "Denver Nuggets", "away": "New Orleans Pelicans" },
    { "date": "2025-10-29", "home": "Utah Jazz", "away": "Portland Trail Blazers" },
    { "date": "2025-10-29", "home": "Minnesota Timberwolves", "away": "Los Angeles Lakers" },
    { "date": "2025-10-29", "home": "Phoenix Suns", "away": "Memphis Grizzlies" },
    { "date": "2025-10-29", "home": "Detroit Pistons", "away": "Orlando Magic" },

    { "date": "2025-10-30", "home": "San Antonio Spurs", "away": "Miami Heat" },
    { "date": "2025-10-30", "home": "Milwaukee Bucks", "away": "Golden State Warriors" },
    { "date": "2025-10-30", "home": "Charlotte Hornets", "away": "Orlando Magic" },
    { "date": "2025-10-30", "home": "Oklahoma City Thunder", "away": "Washington Wizards" },

    { "date": "2025-11-01", "home": "Boston Celtics", "away": "Houston Rockets" },
    { "date": "2025-11-01", "home": "Washington Wizards", "away": "Orlando Magic" },
    { "date": "2025-11-01", "home": "Milwaukee Bucks", "away": "Sacramento Kings" },
    { "date": "2025-11-01", "home": "Indiana Pacers", "away": "Golden State Warriors" },
    { "date": "2025-11-01", "home": "Charlotte Hornets", "away": "Minnesota Timberwolves" },

    { "date": "2025-11-02", "home": "New York Knicks", "away": "Chicago Bulls" },
    { "date": "2025-11-02", "home": "Brooklyn Nets", "away": "Philadelphia 76ers" },
    { "date": "2025-11-02", "home": "Los Angeles Lakers", "away": "Miami Heat" },
    { "date": "2025-11-02", "home": "Toronto Raptors", "away": "Memphis Grizzlies" },
    { "date": "2025-11-02", "home": "Cleveland Cavaliers", "away": "Atlanta Hawks" },
    { "date": "2025-11-02", "home": "Charlotte Hornets", "away": "Utah Jazz" },
    { "date": "2025-11-02", "home": "Phoenix Suns", "away": "San Antonio Spurs" },
    { "date": "2025-11-02", "home": "Oklahoma City Thunder", "away": "New Orleans Pelicans" },

    { "date": "2025-11-03", "home": "New York Knicks", "away": "Washington Wizards" },
    { "date": "2025-11-03", "home": "Brooklyn Nets", "away": "Minnesota Timberwolves" },
    { "date": "2025-11-03", "home": "Los Angeles Clippers", "away": "Miami Heat" },
    { "date": "2025-11-03", "home": "Boston Celtics", "away": "Utah Jazz" },
    { "date": "2025-11-03", "home": "Houston Rockets", "away": "Dallas Mavericks" },
    { "date": "2025-11-03", "home": "Denver Nuggets", "away": "Sacramento Kings" },
    { "date": "2025-11-03", "home": "Portland Trail Blazers", "away": "Los Angeles Lakers" },
    { "date": "2025-11-03", "home": "Indiana Pacers", "away": "Milwaukee Bucks" },
    { "date": "2025-11-03", "home": "Memphis Grizzlies", "away": "Detroit Pistons" },

    { "date": "2025-11-04", "home": "Atlanta Hawks", "away": "Orlando Magic" },
    { "date": "2025-11-04", "home": "LA Clippers", "away": "Oklahoma City Thunder" },
    { "date": "2025-11-04", "home": "Golden State Warriors", "away": "Phoenix Suns" },
    { "date": "2025-11-04", "home": "Chicago Bulls", "away": "Philadelphia 76ers" },
    { "date": "2025-11-04", "home": "Toronto Raptors", "away": "Milwaukee Bucks" },
    { "date": "2025-11-04", "home": "New Orleans Pelicans", "away": "Charlotte Hornets" },

    { "date": "2025-11-05", "home": "New York Knicks", "away": "Minnesota Timberwolves" },
    { "date": "2025-11-05", "home": "Los Angeles Lakers", "away": "San Antonio Spurs" },
    { "date": "2025-11-05", "home": "Boston Celtics", "away": "Washington Wizards" },
    { "date": "2025-11-05", "home": "Dallas Mavericks", "away": "New Orleans Pelicans" },
    { "date": "2025-11-05", "home": "Denver Nuggets", "away": "Miami Heat" },
    { "date": "2025-11-05", "home": "Sacramento Kings", "away": "Golden State Warriors" },
    { "date": "2025-11-05", "home": "Cleveland Cavaliers", "away": "Philadelphia 76ers" },
    { "date": "2025-11-05", "home": "Portland Trail Blazers", "away": "Oklahoma City Thunder" },
    { "date": "2025-11-05", "home": "Indiana Pacers", "away": "Brooklyn Nets" },
    { "date": "2025-11-05", "home": "Detroit Pistons", "away": "Utah Jazz" },
    { "date": "2025-11-05", "home": "Memphis Grizzlies", "away": "Houston Rockets" },

    { "date": "2025-11-06", "home": "Phoenix Suns", "away": "LA Clippers" },

    { "date": "2025-11-08", "home": "Atlanta Hawks", "away": "Los Angeles Lakers" },
    { "date": "2025-11-08", "home": "LA Clippers", "away": "Phoenix Suns" },
    { "date": "2025-11-08", "home": "Miami Heat", "away": "Portland Trail Blazers" },
    { "date": "2025-11-08", "home": "San Antonio Spurs", "away": "New Orleans Pelicans" },
    { "date": "2025-11-08", "home": "Washington Wizards", "away": "Dallas Mavericks" },
    { "date": "2025-11-08", "home": "Denver Nuggets", "away": "Indiana Pacers" },
    { "date": "2025-11-08", "home": "Cleveland Cavaliers", "away": "Chicago Bulls" },
    { "date": "2025-11-08", "home": "Philadelphia 76ers", "away": "Toronto Raptors" },

    { "date": "2025-11-09", "home": "New York Knicks", "away": "Brooklyn Nets" },
    { "date": "2025-11-09", "home": "Orlando Magic", "away": "Boston Celtics" },
    { "date": "2025-11-09", "home": "Golden State Warriors", "away": "Indiana Pacers" },
    { "date": "2025-11-09", "home": "Sacramento Kings", "away": "Minnesota Timberwolves" },
    { "date": "2025-11-09", "home": "Philadelphia 76ers", "away": "Detroit Pistons" },
    { "date": "2025-11-09", "home": "Milwaukee Bucks", "away": "Houston Rockets" },
    { "date": "2025-11-09", "home": "Memphis Grizzlies", "away": "Oklahoma City Thunder" },

    { "date": "2025-11-10", "home": "LA Clippers", "away": "Atlanta Hawks" },
    { "date": "2025-11-10", "home": "Miami Heat", "away": "Cleveland Cavaliers" },
    { "date": "2025-11-10", "home": "Orlando Magic", "away": "Portland Trail Blazers" },
    { "date": "2025-11-10", "home": "Dallas Mavericks", "away": "Milwaukee Bucks" },
    { "date": "2025-11-10", "home": "Chicago Bulls", "away": "San Antonio Spurs" },
    { "date": "2025-11-10", "home": "Utah Jazz", "away": "Minnesota Timberwolves" },
    { "date": "2025-11-10", "home": "Charlotte Hornets", "away": "Los Angeles Lakers" },
    { "date": "2025-11-10", "home": "Phoenix Suns", "away": "New Orleans Pelicans" },
    { "date": "2025-11-10", "home": "Detroit Pistons", "away": "Washington Wizards" },

    { "date": "2025-11-11", "home": "New York Knicks", "away": "Memphis Grizzlies" },
    { "date": "2025-11-11", "home": "Brooklyn Nets", "away": "Toronto Raptors" },
    { "date": "2025-11-11", "home": "Sacramento Kings", "away": "Denver Nuggets" },
    { "date": "2025-11-11", "home": "Philadelphia 76ers", "away": "Boston Celtics" },
    { "date": "2025-11-11", "home": "Utah Jazz", "away": "Indiana Pacers" },
    { "date": "2025-11-11", "home": "Oklahoma City Thunder", "away": "Golden State Warriors" },

    { "date": "2025-11-12", "home": "New York Knicks", "away": "Orlando Magic" },
    { "date": "2025-11-12", "home": "LA Clippers", "away": "Denver Nuggets" },
    { "date": "2025-11-12", "home": "Boston Celtics", "away": "Memphis Grizzlies" },
    { "date": "2025-11-12", "home": "Miami Heat", "away": "Cleveland Cavaliers" },
    { "date": "2025-11-12", "home": "San Antonio Spurs", "away": "Golden State Warriors" },
    { "date": "2025-11-12", "home": "Houston Rockets", "away": "Washington Wizards" },
    { "date": "2025-11-12", "home": "Dallas Mavericks", "away": "Phoenix Suns" },
    { "date": "2025-11-12", "home": "Sacramento Kings", "away": "Atlanta Hawks" },
    { "date": "2025-11-12", "home": "Charlotte Hornets", "away": "Milwaukee Bucks" },
    { "date": "2025-11-12", "home": "New Orleans Pelicans", "away": "Portland Trail Blazers" },
    { "date": "2025-11-12", "home": "Detroit Pistons", "away": "Chicago Bulls" },
    { "date": "2025-11-12", "home": "Oklahoma City Thunder", "away": "Los Angeles Lakers" },

    { "date": "2025-11-13", "home": "Cleveland Cavaliers", "away": "Toronto Raptors" },
    { "date": "2025-11-13", "home": "Utah Jazz", "away": "Atlanta Hawks" },
    { "date": "2025-11-13", "home": "Phoenix Suns", "away": "Indiana Pacers" },

    { "date": "2025-11-15", "home": "Cleveland Cavaliers", "away": "Memphis Grizzlies" },
    { "date": "2025-11-15", "home": "Minnesota Timberwolves", "away": "Denver Nuggets" },
    { "date": "2025-11-15", "home": "Milwaukee Bucks", "away": "Los Angeles Lakers" },
    { "date": "2025-11-15", "home": "Indiana Pacers", "away": "Toronto Raptors" },
    { "date": "2025-11-15", "home": "Charlotte Hornets", "away": "Oklahoma City Thunder" },

    { "date": "2025-11-16", "home": "Boston Celtics", "away": "LA Clippers" },
    { "date": "2025-11-16", "home": "San Antonio Spurs", "away": "Sacramento Kings" },
    { "date": "2025-11-16", "home": "Houston Rockets", "away": "Orlando Magic" },
    { "date": "2025-11-16", "home": "Dallas Mavericks", "away": "Portland Trail Blazers" },
    { "date": "2025-11-16", "home": "Washington Wizards", "away": "Brooklyn Nets" },
    { "date": "2025-11-16", "home": "Utah Jazz", "away": "Chicago Bulls" },
    { "date": "2025-11-16", "home": "Phoenix Suns", "away": "Atlanta Hawks" },
    { "date": "2025-11-16", "home": "New Orleans Pelicans", "away": "Golden State Warriors" },

    { "date": "2025-11-17", "home": "Miami Heat", "away": "New York Knicks" },
    { "date": "2025-11-17", "home": "Toronto Raptors", "away": "Charlotte Hornets" },
    { "date": "2025-11-17", "home": "Denver Nuggets", "away": "Chicago Bulls" },
    { "date": "2025-11-17", "home": "Cleveland Cavaliers", "away": "Milwaukee Bucks" },
    { "date": "2025-11-17", "home": "Philadelphia 76ers", "away": "LA Clippers" },
    { "date": "2025-11-17", "home": "Minnesota Timberwolves", "away": "Dallas Mavericks" },
    { "date": "2025-11-17", "home": "New Orleans Pelicans", "away": "Oklahoma City Thunder" },
    { "date": "2025-11-17", "home": "Detroit Pistons", "away": "Indiana Pacers" },

    { "date": "2025-11-18", "home": "Atlanta Hawks", "away": "Detroit Pistons" },
    { "date": "2025-11-18", "home": "Brooklyn Nets", "away": "Boston Celtics" },
    { "date": "2025-11-18", "home": "Los Angeles Lakers", "away": "Utah Jazz" },
    { "date": "2025-11-18", "home": "Orlando Magic", "away": "Golden State Warriors" },
    { "date": "2025-11-18", "home": "San Antonio Spurs", "away": "Memphis Grizzlies" },
    { "date": "2025-11-18", "home": "Portland Trail Blazers", "away": "Phoenix Suns" },

    { "date": "2025-11-19", "home": "Miami Heat", "away": "Golden State Warriors" },
    { "date": "2025-11-19", "home": "Dallas Mavericks", "away": "New York Knicks" },
    { "date": "2025-11-19", "home": "Cleveland Cavaliers", "away": "Houston Rockets" },
    { "date": "2025-11-19", "home": "Philadelphia 76ers", "away": "Toronto Raptors" },
    { "date": "2025-11-19", "home": "Minnesota Timberwolves", "away": "Washington Wizards" },
    { "date": "2025-11-19", "home": "Portland Trail Blazers", "away": "Chicago Bulls" },
    { "date": "2025-11-19", "home": "Indiana Pacers", "away": "Charlotte Hornets" },
    { "date": "2025-11-19", "home": "New Orleans Pelicans", "away": "Denver Nuggets" },
    { "date": "2025-11-19", "home": "Oklahoma City Thunder", "away": "Sacramento Kings" },

    { "date": "2025-11-20", "home": "Orlando Magic", "away": "LA Clippers" },
    { "date": "2025-11-20", "home": "San Antonio Spurs", "away": "Atlanta Hawks" },
    { "date": "2025-11-20", "home": "Milwaukee Bucks", "away": "Philadelphia 76ers" },
    { "date": "2025-11-20", "home": "Memphis Grizzlies", "away": "Sacramento Kings" },

    { "date": "2025-11-22", "home": "Orlando Magic", "away": "New York Knicks" },
    { "date": "2025-11-22", "home": "Dallas Mavericks", "away": "Memphis Grizzlies" },
    { "date": "2025-11-22", "home": "Chicago Bulls", "away": "Washington Wizards" },
    { "date": "2025-11-22", "home": "Denver Nuggets", "away": "Sacramento Kings" },
    { "date": "2025-11-22", "home": "Milwaukee Bucks", "away": "Detroit Pistons" },
    { "date": "2025-11-22", "home": "Charlotte Hornets", "away": "LA Clippers" },
    { "date": "2025-11-22", "home": "New Orleans Pelicans", "away": "Atlanta Hawks" },

    { "date": "2025-11-23", "home": "Atlanta Hawks", "away": "Charlotte Hornets" },
    { "date": "2025-11-23", "home": "Boston Celtics", "away": "Orlando Magic" },
    { "date": "2025-11-23", "home": "Toronto Raptors", "away": "Brooklyn Nets" },
    { "date": "2025-11-23", "home": "Cleveland Cavaliers", "away": "LA Clippers" },
    { "date": "2025-11-23", "home": "Philadelphia 76ers", "away": "Miami Heat" },
    { "date": "2025-11-23", "home": "Utah Jazz", "away": "Los Angeles Lakers" },
    { "date": "2025-11-23", "home": "Phoenix Suns", "away": "San Antonio Spurs" },
    { "date": "2025-11-23", "home": "Oklahoma City Thunder", "away": "Portland Trail Blazers" },

    { "date": "2025-11-24", "home": "Brooklyn Nets", "away": "New York Knicks" },
    { "date": "2025-11-24", "home": "Miami Heat", "away": "Dallas Mavericks" },
    { "date": "2025-11-24", "home": "Golden State Warriors", "away": "Utah Jazz" },
    { "date": "2025-11-24", "home": "Toronto Raptors", "away": "Cleveland Cavaliers" },
    { "date": "2025-11-24", "home": "Sacramento Kings", "away": "Minnesota Timberwolves" },
    { "date": "2025-11-24", "home": "Milwaukee Bucks", "away": "Portland Trail Blazers" },
    { "date": "2025-11-24", "home": "Indiana Pacers", "away": "Detroit Pistons" },
    { "date": "2025-11-24", "home": "Phoenix Suns", "away": "Houston Rockets" },
    { "date": "2025-11-24", "home": "New Orleans Pelicans", "away": "Chicago Bulls" },
    { "date": "2025-11-24", "home": "Memphis Grizzlies", "away": "Denver Nuggets" },

    { "date": "2025-11-29", "home": "LA Clippers", "away": "Dallas Mavericks" },
    { "date": "2025-11-29", "home": "Miami Heat", "away": "Detroit Pistons" },
    { "date": "2025-11-29", "home": "Golden State Warriors", "away": "New Orleans Pelicans" },
    { "date": "2025-11-29", "home": "Minnesota Timberwolves", "away": "Boston Celtics" },
    { "date": "2025-11-29", "home": "Milwaukee Bucks", "away": "Brooklyn Nets" },
    { "date": "2025-11-29", "home": "Indiana Pacers", "away": "Chicago Bulls" },
    { "date": "2025-11-29", "home": "Charlotte Hornets", "away": "Toronto Raptors" },
    { "date": "2025-11-29", "home": "Phoenix Suns", "away": "Denver Nuggets" },

    { "date": "2025-11-30", "home": "New York Knicks", "away": "Toronto Raptors" },
    { "date": "2025-11-30", "home": "Los Angeles Lakers", "away": "New Orleans Pelicans" },
    { "date": "2025-11-30", "home": "Sacramento Kings", "away": "Memphis Grizzlies" },
    { "date": "2025-11-30", "home": "Cleveland Cavaliers", "away": "Boston Celtics" },
    { "date": "2025-11-30", "home": "Philadelphia 76ers", "away": "Atlanta Hawks" },
    { "date": "2025-11-30", "home": "Utah Jazz", "away": "Houston Rockets" },
    { "date": "2025-11-30", "home": "Minnesota Timberwolves", "away": "San Antonio Spurs" },
    { "date": "2025-11-30", "home": "Portland Trail Blazers", "away": "Oklahoma City Thunder" }
  ]
}
